PeakAcceleration,Feat1,Feat2,Feat3,Feat4,Feat5
0.041,0.651368285,-0.649844245,-0.180832033,1.855178334,-0.769820473
0.19,0.26145553,-0.386974848,0.063554578,0.988792849,-0.190170635
0.026,0.316235837,-1.632338513,0.399304292,0.158447124,0.008188989
0.127,0.244430549,-1.43174395,0.058677378,1.519410061,-0.491521021
0.015,0.536994894,-1.088673658,0.281308458,-1.266593217,0.354578966
0.076,-0.36425694,-1.220102517,-0.083933833,-0.967354971,0.401042102
0.241,1.032352115,-0.766112376,0.261526398,-1.167038556,0.572100095
0.565,1.462296102,1.255341067,-0.908238716,-0.896846059,0.363418645
1.472,-1.71951507,0.551955573,-1.255687926,1.563552443,-0.428126112
0.128,0.49281409,-1.526120247,0.410601059,0.205908853,0.069567763
0.501,-1.624226676,1.110339568,-1.20444979,-0.814100591,-0.002050519
0.206,0.638342848,-1.339151015,0.436979229,0.237697415,0.109177329
0.018,0.131818824,-1.248714666,0.448395782,-2.094803015,0.577910181
0.066,0.410390194,-1.478631534,0.353801378,0.228269914,-0.034836175
0.074,0.665228888,-0.961296662,0.160445327,-1.560786867,0.619906582
0.626,-0.417049545,2.376587224,-1.209500929,2.85181732,-1.001914833
0.501,0.709674628,-1.240931247,0.433889611,0.317407178,0.184551898
0.031,0.508465653,-1.422885528,0.358739299,0.258294032,-0.09255024
0.618,-0.496209381,-0.304298784,-1.207317249,1.360068885,-0.296709209
0.046,-1.441709255,-0.10604619,-1.11594083,-0.731344827,-0.070221988
0.094,2.277230593,0.943448186,0.266060066,-0.197139161,-0.085621676
0.097,-1.578952126,-0.279870634,-1.298600083,1.354868908,-0.655584059
0.143,-0.200103498,-1.015941987,-0.071877104,-0.84893555,0.421870869
0.008,-0.122082738,-1.884037678,0.387121616,-1.647204534,0.609910812
0.013,0.26337159,-1.378215574,0.302785693,-1.75221839,0.606711645
0.318,0.536482267,-1.441605055,0.192855372,1.026090021,-0.255343433
0.016,0.407044927,-1.492576723,0.399687864,0.463040948,-0.119189466
0.072,0.397030115,-1.482270782,0.388227794,0.194581299,-0.037532854
6.272,1.00580606,-0.425706114,0.758417982,1.103479025,1.492809483
0.071,0.085111462,-0.551527393,-0.161236602,-0.741130735,0.256114693
0.027,0.766968571,-1.317229283,0.576753469,-0.430095228,0.315314899
0.597,-0.538243762,-0.262584972,-1.218577003,-0.73894244,0.307090033
0.184,-0.015884082,-0.683855797,-0.158342257,-0.734578151,0.257105523
0.152,1.076892742,1.714386935,-2.146923859,-1.386620065,-0.016264378
0.275,2.225716849,1.171620428,0.304210007,0.043133216,-0.012334092
0.291,0.875657919,-0.87533752,0.320200866,0.44777153,-0.115814199
0.067,0.23879712,-0.813825278,-0.138788725,-1.031541702,0.519708293
4.069,-2.544440176,1.727891059,-1.078333511,-1.019701841,0.733380166
0.183,-2.069725193,0.400037191,-1.140615421,-0.558032633,-0.180196959
0.114,1.945396529,2.51881933,-0.602940929,-0.022482598,-0.370935997
1.471,5.080140183,7.483814544,1.818160602,-0.508112134,-0.967039857
0.048,0.362721028,-1.580892087,0.377046079,0.173848541,0.027140318
0.389,-1.716862147,1.164642262,-1.306388423,-0.839749985,-0.231195975
0.247,0.013864774,-0.869818413,-0.293484547,1.189305103,-0.354152893
0.168,3.737944462,1.100139895,1.13683059,-0.144466027,0.006856872
0.024,0.950250267,-1.084883766,0.435711919,-0.764514222,0.358143551
0.048,-1.103737613,0.049652349,-1.315501798,1.575154462,-0.732998598
0.036,-0.211713233,-0.860573033,-0.163070866,-0.500007621,0.070420665
0.336,0.497972276,-1.400353158,0.395652253,0.258106778,0.108565251
0.927,0.601128869,1.80295283,-0.589931022,0.287030418,0.018018239
0.05,0.897548718,-1.179347868,0.139790361,1.433582858,-0.294951666
1.085,0.234877003,-0.480759544,2.278061505,1.886570298,-0.565932611
0.413,1.798982136,3.783301905,-0.57213038,0.523582456,-0.707249575
0.07,0.387733069,-1.646495856,0.412655093,0.117676863,0.051001818
0.048,0.619263935,-1.220856069,0.280291543,0.436537708,-0.226930848
0.24,-1.333010848,0.030804515,-1.116820143,0.129008498,-0.312840517
0.044,0.411147779,-0.752831272,0.018675349,-1.734278565,0.490093494
0.177,0.47854827,-1.566237159,0.050762847,1.400434899,-0.194595792
0.125,-0.628867142,-1.552229867,-0.183007267,0.586374067,-0.073386908
0.11,0.227273581,-0.34006507,-0.218725319,-0.618707674,0.128483778
0.79,-1.438757943,0.267948775,-1.125778179,-0.810117696,0.067334641
0.067,0.312626631,-1.358368979,0.399637791,-1.578409662,0.602774831
0.6,-1.637940009,2.928456507,-1.404303123,-0.690551894,-0.54974986
0.721,-3.552063126,1.932935284,4.075250927,-0.465181689,-0.755161165
0.399,-0.427636573,1.38962071,-1.235942548,1.914025974,-0.848807692
0.399,2.569161843,2.583858564,-0.712608587,0.440897261,-0.36500989
0.954,0.049221116,-0.550817769,-0.173481207,0.192337789,0.149253826
0.033,-0.070881986,-0.92887634,-0.06358822,-0.640931466,0.282201548
0.017,2.629501639,-0.340756602,-1.077548951,-1.783193164,0.456525188
0.02,0.32639638,-1.49837905,0.372559365,-0.869416813,0.279519653
0.309,0.776382886,-1.145923558,0.368755621,0.388100289,0.078763737
1.706,-2.04199646,2.418834374,-1.274210494,-0.905994708,-0.108310342
0.36,0.466958699,-1.530516475,0.423997819,0.158333186,0.132566914
0.012,0.708296799,-1.15285064,0.257615314,-1.046262993,0.277000571
1.187,-1.373321163,1.152416334,-1.165656936,1.543209928,-0.494600275
0.072,1.121494973,-0.708071059,0.445341524,-0.261289461,0.117354093
0.148,-1.622583569,1.195311722,-1.277449543,-0.639768239,-0.321769692
0.998,-1.534792523,1.109380438,-1.244278308,-0.690869437,0.082834882
0.339,0.186797789,1.815947785,-1.449824794,-0.483810639,-0.106937817
0.022,0.122845193,-1.319858924,0.356966917,-1.655409048,0.504887278
6.708,-2.30219064,1.849191972,-1.080437919,0.12544734,1.164105952
0.012,1.683624655,0.099312597,0.597288655,0.56734636,-0.196405162
0.597,-1.757989786,1.234423104,-1.146998928,-1.362655132,0.215066022
0.26,0.728466744,-1.13840446,0.373609048,0.313854554,0.001533397
0.65,0.873799748,-0.975400645,0.422951115,0.319758135,0.193724072
0.043,-0.00629232,-0.652536571,-0.191309344,-0.709664354,0.149598247
0.291,-3.623116781,1.669081334,4.083238065,-0.486553303,-0.874202028
0.011,2.295990958,-0.677806521,-0.915516706,-1.856891856,0.57180907
2.974,3.859739253,1.908655092,1.21648884,0.528827158,0.58873869
0.203,-0.198706085,0.246199385,-1.40483136,-1.059880615,0.208959951
16.45,-2.473271261,2.167619198,-0.876826139,0.587066204,3.539978153
3.34,-1.775794271,1.934747825,-1.082359454,0.257835683,0.377418163
0.197,0.20368207,-0.584205623,2.266774416,1.802037431,-0.782558278
0.012,0.294902505,-1.728470228,0.382352655,0.19042068,-0.066744317
63.14,-3.012326873,4.625006455,-0.128529366,4.011526893,14.61296422
0.094,0.763688209,-1.026796465,0.30093824,0.407307634,-0.178566801
0.039,0.460018998,-1.44816126,0.051430285,1.423387034,-0.476421456
0.045,0.492080149,-1.527948891,0.399840237,0.161340067,0.061818314
0.275,-0.329994811,-1.305679303,-0.171796679,0.604913335,-0.090267833
0.319,0.374853437,-0.127870662,-0.216447987,-0.587726847,0.212588262
0.051,0.700374967,-0.712626036,0.278783029,-1.360674507,0.379084452
0.326,1.988463535,1.553462058,-0.459156529,0.065885985,-0.176029698
1.076,-2.579886258,1.117408406,-1.181563035,-0.299009081,-0.245612428
0.09,-1.110293282,0.168715253,-1.069544223,1.195171805,-0.51528815
0.218,-2.215139275,0.37584766,-1.135572648,-1.162131298,0.017855615
0.139,0.471500839,-0.523574336,-0.120229356,-1.620550945,0.418935209
0.63,-3.573053951,2.07937887,3.944134593,-0.396442362,-1.054736248
19.045,-2.311519119,2.400640358,-0.840740465,1.255787954,4.076720618
0.069,-0.480554591,-1.6469468,-0.160304973,0.832936345,-0.111925649
0.329,-1.435324609,1.518725213,1.009685726,1.62806661,-0.959973621
0.011,0.382596684,-1.089048788,0.285807333,-1.370785701,0.354302518
0.107,0.435419902,-0.60208828,0.140543058,-0.295639939,0.052171778
1.027,0.63451041,-1.376465678,0.495948596,0.219099865,0.454015031
0.155,-1.254564921,1.355507294,-1.604317187,-0.783844787,-0.378234832
0.063,0.222714036,-0.771788287,-0.151759402,-1.048600435,0.528220581
1.019,-2.729231735,0.498633406,-0.970911449,-0.68939527,0.189078304
0.43,-0.911677343,0.441449019,-1.045285067,0.3182101,-0.087692628
0.022,1.045032199,0.635003538,-0.158535574,-1.174417704,-0.244406176
0.078,-1.183459675,-0.075193145,-1.274993188,1.489608864,-0.658537773
0.041,0.397975022,-1.237796453,0.315633105,-1.416077595,0.438341191
0.108,-0.597697538,-1.888709447,-0.112039775,0.743517064,0.020362331
0.133,0.590067619,-1.396559069,0.442323311,0.184883051,0.090035624
0.067,2.230772583,0.880001996,0.267678967,-0.216149258,-0.101250132
0.113,-1.424392497,-0.405858982,-1.25399036,1.385517724,-0.615681633
1.26,6.405480583,3.485440827,0.316371885,-0.059791166,-0.05914391
0.53,-1.617235407,0.819607184,-1.299718372,1.243718348,-0.753237604
0.123,0.744768952,-1.317036272,0.192334955,1.222245575,-0.308902119
0.007,-0.055651718,-2.302416262,0.491368894,-0.424995469,0.328374093
15.086,-1.890311878,3.294821249,-1.100065759,0.47629113,2.852861143
0.176,-1.669376097,0.970093435,-1.389593133,-1.139516873,0.006924574
0.163,1.320801133,3.126866601,-0.44179529,0.335026511,-0.633715728
0.533,-2.879388748,2.727804797,3.943776201,-0.229867077,-0.974928748
0.049,6.636912896,3.49752156,2.206900476,0.481705777,-0.715805927
1.292,3.409463823,3.119773366,0.097226269,0.68689738,-0.114358139
0.04,-1.205825417,-0.201771529,-1.321207354,1.566403885,-0.466181933
0.19,-0.131846866,-0.525623836,-0.22139687,-0.611092772,0.057755183
0.289,-1.577755103,1.229500911,-1.27882463,-0.581948606,-0.294726482
0.097,-1.094042916,0.358545646,-1.165406875,1.529551829,-0.727251969
0.393,-0.021784459,0.390695891,-1.306732817,0.074665121,-0.165071133
0.162,1.572078703,2.384031151,-0.397036681,0.200249836,-0.339962485
0.5,-2.447648951,1.358017633,-1.186591516,-0.67540229,-0.267525595
0.044,0.530212352,-1.407046148,0.349272241,0.319968239,-0.096969122
1.547,-2.686270967,0.862619772,-1.061286217,-0.511410367,0.153312845
0.311,0.885073462,-0.377899149,-0.147983402,-1.564103984,0.591511091
0.066,0.631664164,-0.71858649,-0.0360828,-1.666456924,0.515725212
0.037,0.352114658,-1.580093191,0.415326005,0.128007487,0.022503604
0.166,2.290402365,0.350614154,0.538174856,-0.150153202,-0.020354177
0.101,-1.581716819,-0.539054738,-0.934097636,1.132469956,-0.246253692
0.483,0.620303195,-1.425914593,0.48981168,0.15042147,0.32649099
0.157,1.852641341,-0.160024826,0.232003645,-0.752689905,0.298036585
0.059,-0.373601318,-1.183089017,-0.289943645,1.074707317,-0.346706156
26.059,-3.562321172,3.553608622,4.488504468,1.451238879,5.250535962
0.034,0.242540101,-1.229769994,0.386729362,-1.582647808,0.410374113
0.602,3.057804947,3.711903175,0.114054196,0.578283358,-0.426438525
0.237,-0.526800883,-1.858700231,-0.120626915,0.867263665,0.039671985
0.016,0.289785922,-1.981775614,0.250350034,1.074480252,-0.162796773
0.118,0.669018885,-0.337152514,-0.045163985,-1.555678885,0.337667723
0.131,0.671466083,-0.797229862,-0.245460973,1.800388165,-0.551849585
0.884,-0.307674783,0.327423112,-1.344937852,-1.171036787,0.416959189
0.008,0.164579406,-1.970516646,0.406130103,0.029489691,0.076728924
0.223,-3.510013254,1.992120294,3.956724667,-0.411267815,-1.138181209
0.835,0.138754273,-0.655559074,2.303627362,1.80478423,-0.570029142
0.085,-1.432176847,0.021847948,-1.093160358,-0.696973283,-0.030634064
0.214,-0.499004602,-1.650743733,-0.148886536,0.586877043,-0.010925261
0.653,-0.7741446,3.867932512,3.145226752,-0.442547325,-0.709147551
0.011,0.077846923,-1.154393335,0.399204695,-2.067331645,0.490083004
0.052,0.660630588,-1.027011827,0.832366264,0.661357958,-0.065931845
0.012,0.12435927,-1.538328879,0.104333341,1.443588599,-0.352564711
0.104,-0.279364508,-0.757921536,-0.200112077,-0.70391191,0.08560872
0.138,-0.317382806,-0.879839906,-0.166923254,-0.714675407,0.152550447
0.094,-0.828144087,0.921667028,-1.225559257,-0.315051724,-0.310586408
0.28,-1.054880583,0.269812107,-1.061647755,0.231099554,-0.133483351
0.324,-0.566038983,-0.309832005,-1.199955607,-0.928654661,0.344010731
0.026,-0.031382236,-0.548802022,-0.2171846,-0.400821496,-0.029816229
0.136,0.668795269,-1.284457058,0.180573946,1.195805792,-0.320122186
0.089,-1.52883146,-0.234852304,-1.011361857,-1.104112976,0.290819736
0.006,0.483743376,-1.301728825,0.398112169,-0.593433736,0.188840362
0.076,0.079348837,-0.522335878,-0.211737552,-0.617100047,0.088061045
0.144,1.119640706,2.733036516,-0.484800585,0.104395,-0.506554965
0.086,0.392308363,-0.487331021,-0.206623773,-0.941941448,0.426695324
0.05,0.828286488,-0.424240976,0.179679337,-1.531405569,0.440122941
0.373,-2.546568383,1.210272621,-1.178908131,-0.579922771,-0.340910913
0.033,0.282392345,-1.681422958,0.384829494,0.183667255,-0.000432334
0.267,2.977941713,1.836045364,0.21617892,0.093422645,-0.16662726
1.866,-2.167691111,0.948451585,-1.291464352,1.804969427,-0.602202629
0.072,-0.411004219,-1.198143987,-0.084570538,-0.669811467,0.274262094
0.045,0.652610928,-0.833137034,0.255422761,-0.904638366,0.124904562
0.223,0.130858736,-0.507836002,-0.158996959,-0.709811128,0.291952991
0.082,0.409567297,-0.633839834,0.144075412,-0.333688515,0.218075454
0.469,-1.722069254,0.647272081,-1.170147643,0.756765772,-0.488107922
0.135,-1.114462695,-0.048544673,-1.256325039,1.513939944,-0.572183227
0.198,-0.941636261,0.651676744,-1.150502148,-0.508653122,-0.081069942
0.814,1.041493634,-0.534453182,0.319222143,0.573802589,0.021713999
0.703,-1.331558238,1.110428304,-1.249996939,1.673802626,-0.637238794
0.059,-0.266698012,-1.359123148,-0.25313839,1.20417138,-0.288518531
0.32,-0.468161472,-0.033891106,-1.306027,-0.942337322,0.176575254
0.045,1.130716081,-0.590671779,0.26854664,-0.691258292,0.165734322
0.419,1.932375224,2.88528716,-0.418309873,0.384437994,-0.380420647
0.045,-3.554825055,1.399137891,4.086434779,0.974684203,-1.368568697
0.133,-0.613790168,-1.94043413,-0.11190871,0.756759123,0.020745042
0.127,2.080301427,0.129497248,1.021488903,0.220668555,-0.087299339
3.82,-3.292592463,2.346203906,4.126060788,-0.066082365,-0.054301727
0.013,0.590947,-1.143067274,0.343750913,-0.524521839,0.080728325
0.25,0.291093657,-1.174489751,0.175675958,-1.876225753,0.749750697
0.072,-1.170417796,-0.012236647,-1.231736624,1.389926828,-0.631349058
0.107,-0.467866075,-0.784415171,-0.140455423,-1.617509325,0.410184384
0.095,-0.342090994,-0.628926596,-0.168307567,-1.29952047,0.234354718
1,-2.283787323,1.329545097,-1.15198271,-0.5741059,-0.127699578
0.172,1.609665093,2.633017741,-0.443026119,0.303210967,-0.494817722
0.064,-0.12422178,-0.685314201,-0.22513761,-0.108937191,-0.191460242
13.612,-2.661515909,2.016429405,-0.854432712,-0.227432357,3.157228985
0.031,1.819992015,0.082289075,0.324829555,-0.426653025,0.047111164
0.529,0.975369362,-0.744969816,0.312478132,0.510252368,-0.043177409
0.015,0.317538692,-1.55823224,0.317043697,0.271116629,-0.141799049
0.134,-0.279974186,-0.829286395,-0.138527635,-0.830368607,0.328709545
0.661,-1.292392842,0.021085883,-1.046782329,0.094003334,-0.062337936
0.286,-1.685270258,0.890148198,-1.233927371,-0.88288051,-0.015601228
0.111,0.42377237,-0.716816876,-0.038557985,-1.689551169,0.432178748
1.219,-3.413426068,2.050334907,4.07975484,-0.360112163,-0.678292735
0.091,-0.597959218,-1.261742751,-0.189457367,0.062281502,-0.071815154
0.034,0.404339005,-1.679096266,0.506884409,-0.276630796,0.251428198
0.119,-1.205115698,0.083432796,-1.013225002,1.344706704,-0.453949878
0.075,0.68128106,-1.1257365,0.29810092,0.373420073,-0.193759014
0.701,0.789864109,-1.227618006,0.530669648,0.583662917,0.305220698
0.109,-0.561850599,-1.445349959,-0.218960816,0.627151783,-0.196443424
0.067,1.14628118,-0.785071982,0.398873458,-0.693079844,0.339151363
0.284,0.618626947,-0.429875306,-0.01385116,-1.592226676,0.440994597
1.59,-1.202883543,0.622115472,-1.139198604,-0.588894463,0.206830439
9.084,-1.567367494,1.827384909,-1.284100984,-0.15753758,1.888000835
0.339,2.442001056,0.622944317,0.66692983,-0.004601677,0.15424677
0.047,0.508914381,-1.334964011,0.355583403,-0.257727959,0.03645397
0.276,-2.069692701,-0.114286499,-1.198528626,1.194956189,-0.53165529
0.016,-0.472579813,-1.083191754,-0.249908609,0.38199347,-0.269421481
0.25,-3.482851319,1.592507177,4.089133459,0.731350197,-1.310186074
0.05,6.018211119,2.303727861,1.687092422,-0.262792083,-0.299818818
0.036,0.388457929,-1.421143396,-0.109677733,1.553588842,-0.380258709
0.127,2.281317285,0.15063582,0.662280303,-0.246835489,0.068832945
0.108,1.047567629,-0.584882664,0.336432716,0.735019591,-0.206449231
0.035,0.862657356,-0.80324505,0.373513752,1.222749781,-0.40089321
0.028,1.205515638,-0.684949641,0.377004722,-0.634462236,0.26125113
3.759,-2.465061118,1.278269782,-1.098936156,-0.302890224,0.480257389
0.007,0.476508775,-1.32507034,1.371927469,0.761020594,-0.048705432
4.892,-1.935303059,0.856544294,-1.124481429,0.57881138,0.728163243
0.021,0.991094037,-0.619639924,0.15455895,-1.064096857,0.281939347
0.672,-0.077317909,-0.90431369,-0.226453689,0.812084098,-0.105877907
0.103,0.903767665,-0.768520089,0.314832162,0.725748637,-0.234309933
0.091,-0.023544882,-0.543425469,-0.220758241,-0.592648187,0.059565964
0.268,-1.037658183,0.062264262,-1.247429896,1.539532168,-0.526911207
0.316,-2.364889167,1.272291905,-1.151492696,-0.816335617,-0.253105218
0.153,-0.348856161,-0.278925551,-0.218584664,-1.509339173,0.290342468
0.048,0.439469358,-1.591254443,0.4061769,0.156167249,0.049654379
0.14,0.408893379,-1.570077581,0.39202316,0.15152251,0.000720259
0.202,2.624615757,1.309958546,0.105644477,-0.196168917,-0.045488691
0.26,-1.909213513,0.324796879,-1.068093758,0.943882883,-0.52039544
0.067,0.556708073,-1.149841918,0.296403977,-1.726864809,0.790314646
0.07,0.362899173,-1.52393005,0.368997754,0.166477634,-0.03369071
0.096,0.139921614,-0.341102714,-0.232987879,-0.27587025,-0.079895026
1.673,1.058608939,0.826097312,0.67992753,1.33186769,0.06550936
0.051,-0.122744034,-0.578163296,-0.207997154,-0.774953786,0.194457858
0.066,0.317271043,-1.690725553,0.585808139,0.6471251,-0.068936839
0.548,-2.026254684,1.773265285,-1.142298429,-0.892046585,-0.095594475
0.114,0.894189434,-0.811595907,-0.012665342,1.634589433,-0.364892426
0.009,1.644708536,0.170310783,0.355552458,0.291607851,-0.386905028
0.027,0.477824702,-0.973491472,0.18825319,-1.247842104,0.256996162
0.192,-1.040352244,0.449498639,-1.118299473,-0.142756536,-0.19348569
0.382,1.639886156,2.468346506,-0.38397935,0.233242132,-0.281770134
0.015,0.743896348,-1.216345811,-0.408077036,-1.797312667,0.561330486
1.256,-1.53855833,0.152014571,-1.05085255,-1.231809756,0.456768776
0.054,-0.165329278,-0.91301892,-0.142449946,-0.854568294,0.280935214
0.103,5.685071243,2.400829176,-0.34347931,-0.768778003,-0.086003088
0.344,-1.765866007,0.819789522,-1.303990169,-0.922983798,-0.082500193
8.696,-2.169928141,1.911056204,-1.039162706,0.589871233,1.541860569
0.029,-0.350758687,-1.114739335,-0.108649874,-0.62018657,0.202093158
6.008,0.262404954,-0.170684151,2.393462926,2.227661887,0.687670311
0.61,-1.80525221,1.924652726,-1.163872401,0.093578572,-0.300689925
0.012,0.178980435,-1.985327895,0.448616768,-0.045334058,0.159096997
0.564,-1.695881476,1.109482928,-1.263463144,-0.752509496,-0.143293283
0.911,-2.069170345,2.031532015,-1.148925059,-0.978601225,0.009802885
1.933,-2.523689143,1.392200206,-1.052014284,-1.322821664,0.330670839
0.068,2.10742408,0.827767789,0.263180903,-0.183707886,-0.101065881
0.062,0.422949697,-0.451206344,-0.065382702,-1.625171189,0.337960787
0.011,0.193790132,-1.859725335,0.4428376,-0.873586252,0.343295468
0.116,-0.282822836,-1.403837517,-0.237934113,1.111147734,-0.248871542
0.13,-0.197561704,-0.346779702,-0.286566936,-0.556894311,-0.058040834
0.046,0.764739027,-0.046835569,-0.140752046,-1.403352279,0.055092479
0.009,1.830356336,0.393559008,0.07483133,-0.36475751,-0.223103781
1.182,0.126432555,-1.304281828,0.132001844,1.582840936,-0.150759142
0.189,0.594520919,-1.353589116,0.386319417,0.259486307,0.032180367
0.488,-1.287156612,0.068271038,-1.044625913,-0.249471091,0.056143639
0.701,-1.771131713,0.805513564,-1.309120538,-0.889676478,-0.007487102
0.038,2.599232883,0.946176235,0.642384716,0.328884739,-0.282559372
0.064,0.464812679,-1.565288691,0.404170243,0.193493635,0.050988838
0.061,-0.651802622,-1.767428186,-0.213708011,1.007471951,-0.141649904
0.61,2.582580397,0.556987431,0.667492319,-0.093286449,0.146509725
1.195,2.634714111,2.890671824,-0.690242137,0.704271564,-0.31726604
0.291,-0.111318717,-0.786793794,-0.22457131,0.29044315,-0.145590571
0.069,2.478048621,0.580059017,1.698990805,0.542948454,-0.240088229
0.35,-2.727984578,0.865634889,-1.011232038,-1.507846142,0.107521026
0.119,-3.497661455,2.106300838,4.011679115,-0.888274182,-0.907430766
0.223,-0.173217147,-0.613433215,-0.223990995,-0.52302009,0.031171346
0.049,0.636756205,-1.327902183,0.551873766,0.951365257,-0.006171968
0.263,-1.538277976,0.926148881,-1.336708217,1.357517023,-0.895954707
0.147,-1.1055805,2.169787309,-1.581318593,-0.718331468,-0.51785488
0.186,0.798935711,-0.872955982,0.285482917,0.462161076,-0.163457511
2.652,-1.221672004,0.208173005,-1.186430921,0.98783625,0.075889727
0.265,0.824463446,-1.06265419,0.413290931,0.290128247,0.091095052
0.009,-0.020644538,-1.68287386,0.376254258,-1.609384062,0.568133295
0.064,0.379643094,-1.675537521,0.39897448,0.211044815,0.027705319
0.054,0.3375827,-1.539499073,0.371454814,0.158272957,0.023511706
0.211,-1.908307145,0.344138892,-1.095057851,0.504857852,-0.415633287
0.021,0.428080515,-1.429185541,0.323189984,0.334703089,-0.131816197
0.098,-0.573594525,-1.813371642,-0.094189583,0.545790031,0.074960794
0.04,0.894116348,-0.558950548,1.062845278,1.187136526,-0.316088889
0.619,3.75842632,5.500211163,0.021285418,0.969687613,-0.919725959
1.592,-2.290514822,1.386542472,-1.159235208,-0.385698245,-0.081876713
0.956,-2.667406522,1.000237765,-1.087314512,-0.779953812,0.018575967
0.263,-1.967171592,0.607825278,-1.208154656,-0.967910735,-0.048410183
0.015,0.392871741,-1.571905667,0.52096353,0.412797205,-0.132099928
0.064,-0.314775622,-0.97110408,-0.167876705,-0.578532499,0.084016939
0.15,1.637346481,0.028916747,0.256199672,-0.649371418,0.423457294
0.164,-0.008487178,-0.282801025,-0.277543153,-0.548747973,-0.062520634
0.307,-0.499087402,2.397034622,-1.159401173,0.810523439,-0.875618748
0.024,0.32381507,-1.834065274,0.559494233,-0.309576064,0.291454622
1.216,2.468445865,0.603747831,0.697522146,0.055379873,0.375407391
3.108,-2.135298608,1.19950863,-1.231400873,1.561202305,-0.211394208
1.971,-2.160050076,1.407715968,-1.271976663,1.151170475,-0.409997362
0.178,0.597812636,-1.404790377,0.402807859,0.269839179,0.093464769
0.184,0.6151559,-1.065275206,0.35765661,-0.743558191,0.302333646
0.2,2.579795163,1.718401871,-0.736312745,-0.471790705,0.00102847
0.074,-0.356095987,-1.555518514,-0.251161871,1.213944537,-0.243598716
0.787,6.232545573,4.114822992,-0.060169199,0.028105428,-0.337497857
0.047,5.316133291,1.794693976,-0.224552772,-1.009045868,0.130504791
0.061,-0.890970634,0.690625996,-1.21242068,0.542015999,-0.615562455
0.058,0.431074222,-1.789014312,0.295780452,0.909809333,-0.130158526
4.332,-2.429402433,1.388116054,-1.086990764,-0.322660248,0.642992585
0.895,-2.257389564,1.419036762,-1.118762125,-0.603997496,-0.126120983
0.069,-0.921574076,0.319330762,-1.331377121,1.651495243,-0.767428279
0.23,-1.755871525,0.812101084,-1.189130282,-0.805051452,-0.053405788
1.85,2.748891885,1.046061539,0.672657037,0.248946121,0.417579261
0.61,0.93969822,-0.464132352,0.131861695,1.826004891,-0.292239251
0.075,-0.244065068,-0.536062836,-0.257112948,-1.540013963,0.412331437
0.115,-0.421612542,-1.587565852,-0.208800212,1.039923588,-0.202294247
0.651,-1.591555906,0.756846479,-1.197442191,1.429380628,-0.584601713
0.079,0.477075071,-1.388456958,0.385922268,0.233537893,-0.02579216
0.796,-2.341608849,1.192850311,-1.144476515,-0.391800009,-0.236262997
3.586,-2.155990234,1.71745286,-1.083933093,-0.412141584,0.5389299
0.138,0.005519164,-0.86180612,-0.351290401,1.386521612,-0.500294298
0.059,0.085607985,-1.692856656,0.115568175,1.420235097,-0.339804516
0.237,-1.662337341,1.08079589,-1.259705596,-0.843306837,-0.139944444
0.039,-0.467021201,-1.538889727,-0.216369397,0.813984585,-0.235029048
0.671,5.751416557,4.571375049,-1.46788374,-0.104443342,-0.244986101
0.266,-2.60154919,1.182880355,-1.185106226,-0.699563019,-0.355601545
1.21,-2.448765403,0.715696512,-1.158112933,1.102327544,-0.350079693
0.437,-0.017579545,-0.424098501,-0.207040761,-0.816475284,0.249558395
0.862,-3.642874257,2.040502492,4.047873936,-0.364133286,-0.775083551
0.039,0.470443048,-1.165190391,0.173556218,1.566623344,-0.297501274
0.305,2.234981267,3.233812924,-0.679995756,0.362233433,-0.539967129
0.651,-3.530533602,1.819975692,4.096735533,-0.448418492,-0.766979491
0.124,-0.279180791,-1.232735146,-0.209267364,0.72534841,-0.210589785
0.12,0.609532623,-1.380779814,0.427339232,0.221713732,0.086462955
0.078,-0.825637545,-1.218733525,-0.015344441,-2.051108536,0.625502756
1.79,-0.104951906,2.534302909,-0.113083797,1.183390163,-0.23421936
0.074,0.417172267,-1.666996921,0.430571703,0.153040939,0.115936373
0.142,-0.449745021,0.129523019,-1.280860789,-1.35785737,0.316218296
1.462,6.173503827,4.127084776,-0.706516395,-0.193769794,0.043235266
0.039,0.390681423,-1.708860964,0.439943039,0.214104163,0.082567135
0.12,0.698524196,-1.038716587,0.309945437,0.375591628,-0.118798192
0.05,2.537488974,0.090404179,0.645185326,-0.523810925,0.209132957
0.317,-0.829795215,0.747825298,-1.065565332,1.570476153,-0.629646432
0.012,0.434125869,-1.126369405,0.241156104,-1.135296916,0.223274483
0.226,-3.726223936,1.614118497,4.052625092,-0.551078616,-0.957993858
0.061,0.80553218,-1.054997682,0.352749247,1.22391086,-0.210013624
0.07,-0.111459301,-0.953989968,-0.062180599,0.6574932,-0.131104144
1.669,-2.327486849,1.497491368,-1.055873093,-1.021490932,0.230540746
0.397,0.204219099,1.997114971,-1.19258329,2.868255515,-0.954177376
1.039,5.719587119,2.493205213,-0.244396131,-0.761342913,0.348720113
0.075,0.431581856,-0.769210509,-0.041077254,-1.684818987,0.419603557
1.304,2.581120428,1.69157354,0.299173011,0.282374266,0.132625028
0.05,0.401019718,-0.807100978,-0.05512088,-1.727954016,0.476726313
3.491,-1.461727665,-0.154249864,-1.09202763,0.876381903,0.453825107
0.208,2.460319557,0.272077446,0.638320996,-0.294218275,0.109318286
0.741,2.476076242,0.445794364,0.499540005,-0.293729097,0.315321972
0.342,0.391515802,-0.135358223,-0.204806836,-0.527974686,0.202013514
0.15,2.21958741,0.441281123,0.511161621,-0.149319839,-0.046727239
0.072,-0.161830071,-1.299812342,-0.255654196,1.249887902,-0.268596083
0.068,0.849566314,-0.515772226,-0.134871827,-1.562825145,0.458964747
0.07,-1.061704296,0.020175134,-1.242598333,1.49563398,-0.571406423
4.387,-0.135296759,-0.277920813,-0.180486843,-0.174286899,0.963362395
0.01,0.340218796,-1.70046714,0.420421083,0.060093742,0.035948241
0.033,-0.235545896,-1.152880177,-0.014915593,-0.54250189,0.299017586
0.03,0.770326606,-1.03786395,0.444833889,1.135283487,-0.213046938
0.131,0.740847025,-0.556384814,-0.110303269,-1.609974955,0.524676637
0.064,1.217748251,-0.563856205,-0.216792435,-1.486869221,0.512080129
0.083,-1.494517658,-0.408927011,-1.161771661,1.320065101,-0.509824078
0.038,-0.207195293,-0.762330545,-0.175154371,-0.471315752,0.067671342
1.113,-2.010531059,1.41640279,-1.127286575,0.36648618,-0.276753435
0.063,0.489291886,-1.543916538,0.397703113,0.234995037,0.047685343
1.567,1.211871976,-0.386914878,0.358878532,0.660979637,0.234949602
0.154,-1.264428514,-0.196149243,-1.242596053,1.429436333,-0.580210604
1.987,-3.536176338,2.29678032,4.093588913,-0.65778273,-0.426842435
0.244,-2.079483171,1.561008824,-1.226911096,0.399691283,-0.664034141
0.051,1.002341181,-0.431622838,0.25909685,0.207144512,-0.232973448
0.021,0.660013125,-0.859677053,0.246745156,-1.062456468,0.257524127
0.169,0.554326388,-1.278736817,0.37516185,0.265249875,0.076984623
0.045,0.481375789,-1.51640981,0.374411833,0.311733609,-0.042569136
0.02,0.850883765,-0.540607922,0.086397288,1.806139802,-0.525063216
0.615,-2.199717154,1.408250739,-1.126056178,-0.72128653,-0.105293563
0.964,-0.735979182,0.815219092,-1.046452473,1.579953821,-0.375125823
0.074,3.83672312,1.295803887,1.074712406,-0.059619843,-0.141921104
5.19,-2.595630027,1.328176129,-0.993166839,-0.777679543,1.076987674
0.327,-1.855970081,0.491200415,-1.174943121,0.632059472,-0.524017301
0.133,0.697144635,-1.126528395,0.45294251,-0.169195775,0.179912825
0.054,2.270098652,2.306737508,-1.139526449,3.289953429,-1.161430391
0.527,1.990858214,0.73304928,0.246461949,0.07722394,0.090470465
0.118,0.48825482,-0.695007756,0.008335738,-1.706690498,0.517967785
0.095,2.116758895,1.011646472,0.171043661,-0.057010696,-0.200078534
0.301,0.699909154,-1.220728205,0.38290353,0.296094879,0.078319245
1.111,-1.912302275,2.59736533,-1.27203796,-0.968140696,-0.27394603
0.148,-0.615747842,-1.000405409,-0.180154617,-0.863900488,0.181405595
0.729,-1.960843673,2.348982079,-1.321010722,-0.878257535,-0.527688802
0.174,2.495883748,0.241936442,0.625511167,-0.352338317,0.098227983
0.189,-2.044137919,0.171854421,-1.159397774,0.756688713,-0.571522334
0.42,-0.955980278,0.637792572,-0.64278653,-0.426586102,-0.026446887
0.192,4.26084709,1.976184803,1.278836269,0.319203516,-0.174127576
0.028,0.456374198,-1.42001214,0.115052231,1.282397157,-0.430568137
1.598,-1.374955363,0.388040363,-1.075325968,-0.839365945,0.36295345
0.033,0.004395983,-0.55953422,-0.216992576,-0.099214695,-0.173722422
0.539,1.403430441,-0.177443082,-0.020386679,1.875161268,-0.377700011
0.04,0.526252754,-1.464644828,0.4510241,0.03417752,0.08374385
1.892,-3.37032443,2.141436396,4.092420408,-0.279745916,-0.515063767
0.149,-3.690628694,1.712272268,4.041783127,-0.896098123,-0.824173234
0.095,0.597182356,-1.205986646,0.336563839,0.312471523,-0.070100813
0.12,0.491345277,-1.532814293,0.407973409,0.227866129,0.062274332
0.017,-0.008439131,-2.234593707,0.484863476,-0.438316249,0.348575176
0.58,0.172328855,-1.949784134,0.410561551,-0.047044632,0.319212501
0.792,-3.565132034,1.957086304,4.050600731,-0.390590654,-0.820095684
0.035,0.221173912,-1.173983313,0.280922015,-1.456627198,0.293301611
0.101,0.097413018,-0.24384663,-0.256587268,-0.618181335,0.087880652
0.057,-0.983292554,1.37982398,-1.218449289,-1.382467444,-0.004049319
0.208,-1.809497716,0.835909771,-1.231675146,-0.883799241,-0.110193873
0.085,-1.2114728,0.011064764,-1.306343985,1.480624208,-0.785449661
0.062,-1.114869042,0.235179761,-1.111386701,0.415414191,-0.38029121
1.144,-3.547602908,1.873090057,4.074397366,-0.377483926,-0.724344109
0.143,0.593824534,-1.360388846,0.382311592,0.268704579,0.018697043
0.948,-2.080647768,1.848075663,-1.125745112,-0.976278851,-0.037265016
0.35,-0.570221518,-0.141339342,-1.091319326,1.47361226,-0.503713082
0.005,0.093888974,-2.09686976,0.237330546,1.018242225,-0.139339797
0.054,-0.175418727,-1.091592993,-0.295874413,0.992398091,-0.395388105
0.117,-1.044717779,0.208571506,-1.305169811,1.548047695,-0.756284203
0.025,0.73924611,-1.39424631,0.478803626,-0.902281117,0.481150606
0.229,0.592440422,-1.355445844,0.384274199,0.270596735,0.039966611
0.083,0.654386818,-1.208580171,0.499625016,0.559636441,-0.153646047
0.061,-0.213873048,-1.261339143,-0.326144622,1.331005933,-0.430124198
0.059,-0.190589681,-1.20281694,-0.293307743,1.200614488,-0.390765173
0.065,-0.986372821,0.473627722,-1.119749998,-0.292591691,-0.199960822
0.102,0.875288703,-0.893245044,0.308398768,0.452846308,-0.163557298
0.033,0.444331418,-0.733919456,0.283038415,-1.75954431,0.482508178
0.088,0.353290897,-1.643800245,0.389404953,0.154302871,-0.025976592
0.012,0.644774926,-1.242128783,0.398385282,0.260649313,0.056783432
0.19,-0.029456542,-0.478224339,-0.195506822,-0.698045581,0.228266953
0.076,0.566293985,-1.193082095,0.320269643,0.394947714,-0.103766545
0.659,-1.741296123,1.754512535,-1.429780374,2.010454916,-1.066042318
0.02,0.165432967,-1.330223207,0.319517987,-1.568578635,0.42625068
0.012,0.774674806,-1.143515556,0.414616863,0.29482327,0.011442899
13.16,-2.069677933,2.042217907,-0.996805714,1.874878427,2.384946172
0.731,-2.027100202,1.775648355,-1.139908164,-0.8596684,-0.057069331
0.15,-0.240775236,-0.962312635,-0.256527125,0.87629064,-0.240963842
0.061,0.927437588,-0.00434712,0.854813419,0.172643579,-0.40049051
0.869,2.750153661,4.281086456,0.037849846,0.585991118,-0.499087735
0.044,0.51420739,-1.463798725,0.384157734,0.253782149,-0.022910418
0.013,0.260743074,-1.037367159,0.388970929,-2.010265191,0.687557184
0.15,0.499683799,-1.326330749,0.378736209,0.195309952,0.07526881
0.711,-3.425495726,1.984304834,4.070485426,-0.359134473,-0.813594904
0.199,-1.884776517,0.494431132,-1.261208299,1.109733748,-0.74606385
4.782,-2.351224484,0.867279119,-1.059874466,1.316261199,0.548752266
0.033,-1.47084412,-0.506626404,-1.224881488,1.326115555,-0.569364182
0.012,1.712386342,0.106500245,0.448829269,0.209206046,-0.081677876
0.48,-3.735827958,1.889121712,4.035435609,-0.406229092,-0.886925946
0.231,-0.286247833,-0.870080096,-0.139515097,-0.690383887,0.237407905
0.155,0.59372565,-1.427697912,0.388528821,0.329515752,0.074663713
0.189,0.325454731,-0.924422598,0.038853309,-1.786558829,0.582705291
0.18,1.81331623,2.828229411,-1.463916328,-0.234276783,-0.303631607
1.932,-2.348196282,1.298804395,-1.113825188,-0.307830481,0.045154099
0.218,-1.745787516,0.941795407,-1.210837581,-0.656702632,-0.201535612
0.036,0.233692875,-1.962709221,0.554940535,-0.466810977,0.385480626
3.212,-1.354841796,2.67032956,-1.315030655,1.102601364,-0.267883477
0.433,5.152400161,5.761652273,-1.723557655,-0.094556277,-0.949216491
0.014,0.590766299,-1.388950826,0.623751213,0.218292454,-0.002685543
0.023,0.828552153,-0.9278634,0.51007128,0.434208365,-0.24936647
0.187,-0.04043848,-0.964835366,-0.264494519,1.192754741,-0.323391013
0.061,0.245712942,-1.034165439,-0.018375626,-1.778119848,0.459725628
0.74,0.074535934,0.70522195,-1.355642946,-0.992410602,0.411373134
0.897,-0.648403625,-0.240751999,-1.220640443,-1.062498691,0.4521486
0.069,0.582688363,-1.346000538,0.343704668,0.344607887,-0.082789362
0.095,0.548121183,-1.259762179,0.350832992,0.28703535,-0.079262886
0.09,-0.24720604,-1.504839007,-0.250303135,1.299576758,-0.177343644
1.187,0.771300481,-0.423531706,0.115549991,1.889679139,-0.267397122
0.092,-0.345671761,-1.413582166,-0.208252886,0.815052448,-0.192075131
0.092,0.446200731,-1.626509084,0.434772565,0.141568695,0.129317982
0.008,0.93086061,-0.888205666,0.059146997,1.584395451,-0.361614632
1.624,3.125481199,1.670329179,0.420971405,0.371866732,0.106169398
0.136,2.312435825,0.982474879,0.27145861,-0.184924852,-0.07267652
0.073,0.396853251,-1.531019965,0.396182665,0.167796066,0.03809898
0.062,-0.676662148,-0.907963845,-0.131175098,-1.648816216,0.473654006
0.09,0.056774231,-1.218628069,0.126542465,-1.919698211,0.601112983
6.943,-3.273151195,2.594224842,4.175598483,0.125551064,0.70843071
0.078,2.177506909,0.845359033,0.30759805,-0.170403734,-0.106758811
0.407,-1.13277636,1.695582075,-1.291368993,0.163552381,-0.56389954
0.279,2.251393956,1.238552724,0.251044663,0.094027488,-0.152138467
0.007,0.318185008,-1.632556353,0.298926315,0.957895189,-0.197973206
0.082,-1.555003875,1.17818036,-1.357622316,-0.838083837,-0.242335689
0.052,1.537349521,0.049062731,-0.282147191,-1.236858179,0.283894262
0.099,0.847045231,-0.375049191,-0.337051478,-1.55287252,0.438038037
1.321,-1.458610355,-0.235480723,-1.192389183,0.863009749,-0.228456892
2.083,3.803150506,5.566386782,-0.061158521,0.992232587,-0.544970678
0.443,0.320981639,1.909207612,-2.468514378,-1.184195517,-0.063401338
0.096,0.772366668,-1.104171526,0.439982916,-0.180719188,0.128429214
0.581,-1.655300498,0.515773506,-1.175873753,1.227077494,-0.430770926
0.01,0.157247619,-2.080227671,0.395686578,0.787107031,-0.06073285
0.392,-0.058935236,0.524153631,-1.364213629,-1.062015531,0.309103918
0.41,0.211947422,2.920461304,-2.1795836,-0.488421549,-0.519823821
0.016,0.557601522,-1.311201317,0.642721283,0.594553698,-0.165750653
0.223,1.208889188,-0.445994762,0.485482986,0.742227278,-0.170168178
0.014,-0.811190732,0.910356324,-1.263698844,1.784167928,-1.003432228
0.096,-1.540581156,-0.502971109,-0.960637103,-0.056568521,0.030301257
0.095,0.635097093,-1.191142073,0.425413439,0.766604777,-0.258052449
0.621,-2.786005328,0.984690928,-1.070937038,-1.223281461,0.023847562
0.101,-1.153620084,0.2960765,-1.108291247,-0.685108712,0.010267836
0.078,0.835776053,-0.827709014,0.300185375,0.434120649,-0.180155143
0.386,-2.615770022,0.567816057,-1.188555479,0.819826404,-0.592250573
0.047,-0.449616491,-1.458974908,-0.239626959,0.795528025,-0.286628489
0.009,0.64329847,-1.165083462,0.350594148,0.877219942,-0.36048005
0.446,0.443355127,0.034629229,-0.21376283,-0.126357856,0.040024263
0.159,0.359069533,-0.906212147,0.0515415,-1.783261637,0.583674307
0.013,0.110503514,-1.265883661,0.360982858,-1.967047033,0.641457149
2.615,-0.483589067,2.00899144,-1.317087346,-0.166938871,0.239673838
0.257,-0.549382176,1.851296815,0.633134656,1.114296374,-0.964297563
0.016,0.406933782,-1.620656136,0.449841238,0.103839794,0.033762653
0.074,-0.078895923,-0.748007054,-0.243851344,0.438496924,-0.299241339
0.024,0.257115756,-1.625599103,0.380159038,0.122064593,0.002691675
0.472,-0.146346846,-0.841236258,-0.201134787,0.294410221,-0.04507523
0.065,-0.262354002,-0.934109879,-0.138499324,-0.552370578,0.151610202
0.054,2.142931329,2.339030464,-0.931852138,3.357180549,-1.199689856
0.107,-0.623045119,-1.925439675,-0.115252363,0.729489927,0.018583185
0.223,6.424867964,3.126443779,2.498864417,0.375184806,-0.382494665
0.031,-0.979648112,0.2937917,-1.438711915,1.786595708,-0.783130362
0.098,-1.167788421,-0.029083524,-0.889992108,-0.077102267,-0.068344787
0.075,0.330967537,-0.166606161,-0.226275572,-0.292387997,-0.061504957
0.039,-0.061474693,-0.560236923,-0.222153999,-0.424672911,-0.030786915
0.035,0.352334585,-1.705205032,0.39390465,0.16462994,0.026764114
0.024,0.408331454,-1.432085479,0.33706228,0.307538802,-0.066921554
0.309,0.037035166,-0.520457535,-0.278310522,0.405029541,-0.261196246
0.023,0.993784734,-0.92114145,0.560498585,0.115248804,0.129103647
0.064,0.404529069,-1.350242656,0.319281247,-1.216144862,0.381091373
0.074,-0.413020253,-1.335474373,-0.030113604,-0.248667677,0.146944399
0.223,-0.094837792,2.072497059,-0.633263389,0.332736528,-0.588535482
0.038,0.47870623,-1.519933574,0.360081867,0.278536369,-0.032917965
0.332,-3.654214369,1.644909147,4.082479005,-0.520986109,-0.861553579
0.069,-0.431961159,-1.524251724,-0.12206144,0.655164198,-0.058084645
1.447,0.621837735,-1.025030539,0.274536586,0.135092411,0.224513995
2.046,-2.298901364,1.423804297,-1.198535602,-0.353685937,-0.047287499
0.478,-0.162458445,-0.576186077,-0.257874108,0.30395054,-0.120744503
0.047,0.579185018,-0.790384078,0.179445027,-1.000058608,0.103774828
0.097,2.742925353,0.83163946,-0.574416903,-1.039605384,0.26928931
0.151,0.108895038,-0.583302725,-0.149798867,-0.662234609,0.246732071
0.327,0.309827193,-1.245613883,0.069255973,1.54945477,-0.433523153
0.045,0.304599965,-0.918713726,0.136748711,-1.828441963,0.565839801
1.16,2.960183683,2.313201798,0.04726642,0.442977617,-0.167703444
1.082,-1.744475219,1.899748602,-1.506580515,2.120592129,-1.171518618
0.646,2.695405449,0.822087094,0.454524468,-0.13246667,0.186533992
1.755,-1.039026606,0.067447747,-0.720340736,-0.056577051,0.372352658
0.553,2.639564589,0.979628808,0.566583902,0.242801026,-0.121942926
0.008,0.172289339,-1.08924347,0.355765415,-1.757911635,0.368202283
0.032,0.647282918,-1.096525585,0.520685404,0.667853719,-0.339842375
0.21,0.639848686,-1.281580451,0.417418079,0.188606548,0.056682842
0.1,-0.210087454,-1.100268814,-0.281163758,0.937463527,-0.379330997
0.164,-3.287921905,2.013108984,4.035597378,-0.498952177,-0.850209295
1.17,-2.648220917,0.749891703,-1.021881451,-0.758803183,0.139943944
0.84,2.393296462,0.586853064,0.661966429,0.112708475,0.12036825
0.079,0.809396719,-1.097715643,0.072897075,1.521287622,-0.23534507
0.249,2.850319921,3.387290346,-1.877507975,-0.835399973,-0.369768503
0.017,-1.546021395,-0.459103281,-1.080868492,1.136219094,-0.491014267
0.36,0.132404294,-0.743408064,2.324682578,1.72856031,-0.612534284
0.02,1.156909567,-0.142523437,0.31856999,-1.040692862,0.343327154
0.28,0.253240482,-0.172077338,-0.273366946,-0.54716813,0.045450624
0.123,0.309589673,-0.242204107,-0.21376248,-0.582895966,0.141647136
0.496,-0.845674445,-1.38196766,-0.104238751,-1.02869989,0.394708983
0.032,0.473530736,-0.97423065,0.235104381,-1.30676294,0.344961298
0.017,2.235882468,-0.87865574,-1.036332533,-2.019278992,0.701100552
0.128,0.390349535,-1.54262808,0.384492812,0.197542802,0.046705707
2.034,-2.509655324,1.070396133,-1.087269858,-0.384370878,0.11712497
0.178,0.909117763,-0.880428967,0.394472183,0.005373187,0.087424999
0.322,-2.44150405,1.121187256,-1.118908202,-0.81259539,-0.20614503
0.151,0.584348826,-1.4034287,0.430033132,0.181772093,0.097767146
0.01,0.527138811,-1.363248697,0.313165562,1.144071867,-0.32754846
19.048,-2.618412279,2.277893343,-0.743059117,0.160334327,4.420038195
0.155,0.321461639,-0.89141942,0.002035447,-1.756431409,0.501806859
0.012,0.461837739,-1.555256267,0.447763142,-0.688234069,0.276745268
0.27,-0.738717214,-0.470241128,-1.042234871,1.242142296,-0.438223432
0.037,0.570748754,-1.389120245,0.383435416,0.221807199,-0.003143002
0.03,0.58420819,-1.135799513,0.284206348,0.363903506,-0.230197615
0.243,0.601625682,-1.238189581,0.366665218,0.311569284,0.032467491
0.031,0.406543089,-1.304046281,0.317741738,-0.769742691,0.154060434
0.172,0.571825669,-0.598360946,-0.03980088,-1.632354555,0.462503035
0.007,0.676010062,-1.370337503,0.142983349,1.349693508,-0.338903315
0.065,0.453773081,-1.537964914,0.368263067,0.232191721,-0.021986534
0.268,-1.761539923,0.997696558,-1.276103581,-0.788661607,-0.228527074
2.083,4.947577447,3.103950867,1.084720613,0.765497327,0.052503058
0.825,0.118500888,-0.691084524,2.303188421,1.786471742,-0.573179746
0.276,-3.776465954,1.877602133,4.005066497,-0.398214958,-1.011265275
0.199,2.667394321,0.748874607,0.543723015,-0.083944335,0.036768711
0.081,0.064675202,-0.915553516,2.225413282,1.610998522,-0.650826477
0.092,0.663537674,-1.13046028,0.418960467,-0.026172746,0.070257916
0.251,-0.099769734,1.814850419,-0.658009754,0.017362053,-0.254950486
2.28,1.235487835,0.626775676,0.134607811,0.210515138,0.644291996
0.259,1.166280837,-0.759954272,0.170137929,1.516290335,-0.203697204
0.099,0.633498869,0.099072212,-0.235469629,-0.33774056,-0.026655738
0.475,0.171849798,-1.953573218,0.405298613,-0.069019169,0.298844675
0.174,0.52768598,-1.214044058,-0.030140709,1.588736594,-0.429935639
0.022,2.656102899,-0.436785271,-1.09866226,-1.858910773,0.518774219
0.115,-0.165433677,-1.165706479,-0.292092975,1.220700798,-0.376097586
0.265,0.792262599,-1.109537334,0.409448018,0.336325042,0.073254728
0.268,0.816083765,-0.955084357,0.309482577,0.460106685,-0.136045477
0.051,0.960705751,-0.775767384,0.199751049,-1.134738935,0.374071283
0.374,-0.805576573,1.166796848,-1.313945393,-0.340347493,-0.407092739
0.317,-3.283100811,2.7086445,3.89700525,-0.470669371,-1.059699711
0.098,0.486681174,-0.844651887,-0.253937866,-1.744499832,0.595850652
1.655,0.259795792,-0.455069176,2.319953816,1.906208024,-0.355822649
0.222,4.576032253,4.77631412,-1.404408857,-0.499560494,-0.436436289
5.247,-3.247060404,2.525357548,4.151782536,-0.015263907,0.313656343
0.091,2.071581169,0.946384674,0.292389008,-0.046117401,-0.082540053
0.175,0.824216681,-0.842258779,0.277205345,0.450402417,-0.155114611
0.02,0.328726117,-2.036050968,0.265247868,0.989676012,-0.178307569
0.075,-0.273862386,-1.19085809,-0.046040711,-0.928831971,0.466578358
0.243,-0.550106284,-1.735513587,-0.161681791,0.61996953,-0.022159654
0.043,-0.352511711,-1.168752022,-0.210357683,0.413456851,-0.236624445
0.358,-0.262457629,-0.478524875,-0.257239203,-0.547567579,0.042656494
1.579,-1.942905502,1.505760432,-1.195276989,1.539797653,-0.44633853
0.165,-1.549665152,1.452939217,-1.20908328,-1.020178816,-0.12087191
4.686,-3.309498591,2.521252408,4.122491898,-0.008467026,0.147427935
0.01,0.116302229,-2.056643227,0.518305071,-0.733767718,0.425592848
0.799,0.697566423,-1.375390381,0.220533364,1.31670445,-0.046868653
0.035,0.475646694,-1.544012406,0.426677007,0.158727143,0.048352637
0.092,-0.957987534,0.685851346,-1.198947607,-0.347670452,-0.27774402
0.142,-0.548537438,-1.81491295,-0.161038703,0.941744117,-0.074096587
0.253,-0.961902991,0.192777332,-1.276524192,1.599521907,-0.591261929
0.16,0.414794227,-1.607750494,0.417888155,0.133985086,0.075489207
0.023,0.847883466,-0.618955131,1.103634951,1.009433244,-0.520279071
0.426,-1.424361821,-0.439965865,-1.189625877,1.351133778,-0.403384998
0.26,2.349262741,0.188388565,0.676329337,-0.252532542,0.098347327
0.305,1.975240331,0.912536664,-0.475071122,-1.122189672,0.424614289
0.046,0.361769526,-1.683883586,0.419407723,0.148084718,0.029106626
0.55,-0.147626884,-1.062539972,-0.206487177,0.839617655,-0.098424988
1.503,-1.457884453,-0.239283025,-1.154281415,0.759120983,-0.091987754
0.533,-0.705369547,0.823058807,-1.076989617,1.603573541,-0.484331697
0.478,2.640089265,2.420566771,-0.518337808,0.3416314,-0.266860554
0.091,-0.1727736,-0.191786508,-0.200407299,-1.673326973,0.474797111
0.676,-0.945020024,2.147695775,-1.482086635,-0.626623416,-0.057077658
0.009,0.453006958,-1.406399928,-0.056176305,1.478059153,-0.395818523
0.154,-0.864930212,1.303012713,-1.437124477,-0.801681292,-0.050878107
0.287,2.291429478,0.305842287,0.797157226,0.017278159,0.073721232
0.17,0.847571496,-0.685754272,0.271898696,-0.592318773,0.115279805
0.316,-0.102850013,-0.259843283,-0.172546715,-1.389298001,0.366394584
1.287,-3.53429119,2.036866598,4.04676243,-0.420818408,-0.681650419
1.339,-3.469313556,1.958968122,4.112418012,-0.41821918,-0.581150494
0.804,-2.53454311,1.269374179,-1.132220673,-0.735772679,-0.122263286
2.309,-2.533578312,1.041105929,-1.096351735,-0.431610065,0.184177582
0.345,1.99540377,2.607897075,-0.407637621,0.105326993,-0.27696698
0.075,0.90679676,-0.910994411,0.372230694,0.638879833,-0.155714188
0.404,-2.39060059,1.298259239,-1.16609971,-0.76202338,-0.30824467
0.019,0.207510925,-1.832224002,0.526623428,0.451912379,-0.114438209
1.791,5.78755211,5.863916065,2.937448656,-0.847812761,-0.461408787
1.166,0.552643717,-1.03185134,0.244180916,0.163507993,0.127401247
0.159,0.778856095,-0.885393588,0.295585129,0.384732205,-0.158724872
1.02,5.471028873,5.602809641,2.085728969,-0.433708389,-0.734009242
0.101,2.090182838,0.298783666,0.827239203,0.284836461,-0.174207483
0.016,0.674305944,0.156912283,-0.205222178,-1.321537613,-0.011821482
0.074,0.389583255,-1.70026501,0.43013285,0.146195649,0.111247535
0.028,0.037966917,-0.562199197,-0.181023439,-0.236198008,-0.090897493
0.1,0.720527002,-1.155255458,0.438401971,0.512599089,0.024564997
1.287,0.213806611,-1.425719237,0.373919717,-0.600088958,0.531534435
0.714,-2.447141301,0.949593781,-1.116358068,0.317022461,-0.353260067
0.088,1.092436432,-0.701017879,0.602290148,0.411863676,-0.051760559
0.011,2.310681685,-0.451464048,-1.040489778,-1.791533902,0.531613003
0.302,-1.498284241,2.92239613,-1.497485795,-0.208231661,-1.022817073
0.064,0.366450415,-1.006874635,0.312014947,-1.332393067,0.308382686
0.007,-0.010990652,-2.267028126,0.636379102,0.272769135,0.128508245
0.06,-0.577696748,-1.555893569,-0.132375649,0.183555119,-0.036342123
0.278,-0.370888026,-0.884754442,-0.238352018,0.195908303,-0.130229833
0.045,0.147505658,-1.569127052,0.399155483,-1.600980613,0.565575815
0.194,-0.262655187,-1.112543009,-0.079392996,-0.916720237,0.435974632
0.09,0.612961218,-1.083826323,0.221623258,-1.127463032,0.264293372
0.059,0.47640144,-1.584014644,0.615913037,0.473704399,0.072076077
0.897,-2.150687589,1.393214826,-1.176824842,-0.484494171,-0.166284759
0.059,-0.160573573,-0.258769515,-0.28175583,-0.658458053,-0.037718645
0.118,6.474410747,3.047485329,2.329966692,0.234668787,-0.369959374
0.93,2.284705743,1.274380705,0.324156019,0.10700117,0.148476209
0.085,-0.702511876,1.671285274,-1.397408671,1.940027649,-1.203261895
0.235,0.821270566,-0.997077183,0.325789055,0.420560263,-0.067385471
0.386,-0.379907604,-0.62932553,-0.229430183,-0.681444723,0.12320218
0.906,3.139565022,1.201387946,0.592838805,0.031845378,0.149224271
0.366,-1.363057773,1.131398341,-1.428985509,-0.889048542,-0.049225209
0.422,0.331424499,1.515272444,-2.713223542,-1.480211565,0.024358657
1.007,-0.210151855,-0.986569129,-0.126886918,0.207659323,0.225343174
0.248,-0.41228719,0.11436123,-1.259720722,-1.183646439,0.308598035
0.448,0.096354413,-2.101632091,0.457289822,-0.260203991,0.451652037
0.087,1.055718133,-0.939293144,0.575358067,-0.290208734,0.290184247
0.068,0.15822434,1.301132054,-0.605260494,0.068876024,-0.191241258
0.15,-1.530968901,0.92948335,-1.237585647,1.505873755,-0.850423014
0.012,-0.150053005,-1.913895787,0.384288087,-1.665417711,0.609080646
0.015,0.30790656,-1.601916181,0.374008364,0.214633753,-0.074460715
16.449,-3.494325022,3.216844309,4.375864293,0.124029254,3.189804754
0.685,-1.579537033,1.117617372,-1.176083786,-0.80827149,0.113789933
0.157,-1.779575477,0.916102542,-1.328216821,-1.264644912,0.090569031
0.393,-1.715646953,0.668273331,-1.161563762,0.666428562,-0.485749419
0.259,2.16917622,1.370891285,2.66509923,1.977679681,-0.871501535
1.634,3.700967104,2.515707115,0.831986505,0.506152897,0.117328601
0.1,0.930709549,-0.127451654,0.232670835,-1.517285152,0.366398269
3.664,-1.188117622,0.326820954,-1.164216866,1.047955671,0.329470543
0.35,-1.762850049,0.609326101,-1.248963506,1.441449643,-0.706613113
0.62,2.92679154,1.102038756,0.643576498,0.124630361,0.145028287
0.043,-0.759322293,0.777850696,-0.188384466,0.990491105,-0.701890424
0.138,3.00732055,1.680470677,0.817877226,0.247236529,-0.345831172
0.33,-3.58988617,2.037537618,3.937239421,-0.425945561,-1.129187232
0.25,1.073797924,-0.637807918,0.332879082,0.49588446,-0.095403603
0.232,-0.013833315,-0.38539563,-0.243523553,-0.484913661,0.000697862
0.011,0.304887129,-1.796572546,0.220370745,1.109436955,-0.174883137
0.075,0.436327712,-1.600684288,0.402702382,0.195995855,0.046888335
2.615,0.055239776,0.743133746,-1.281511595,-0.222305973,0.581989316
0.087,0.518451875,-1.414837995,0.57440043,0.67417582,-0.089367706
0.064,0.521126424,-1.494925269,0.407313588,0.196280212,0.062776698
0.826,2.494022368,0.692488562,0.654651952,0.118263894,0.134595442
0.268,0.154625547,-0.684376134,2.289596221,1.756421866,-0.699885505
0.407,-0.025769592,0.52861171,-1.25265896,1.529008862,-0.672271698
0.018,0.428923952,-1.360837419,0.309563185,0.24711391,-0.177061707
0.016,0.465440324,-1.226932136,0.31099813,-1.302936514,0.409753768
4.593,-2.324463127,1.52753775,-1.078485718,-0.253987843,0.717304196
0.03,0.33383245,-1.717230791,0.415037764,0.125281291,0.025195876
0.206,-1.80128897,0.917753965,-1.232254157,-0.821065365,-0.17690298
0.069,0.760726803,-0.890493377,0.241849096,0.49969711,-0.271598603
0.029,0.806882769,-0.832562355,-0.088068655,1.70894953,-0.670762182
0.048,0.523825694,-0.56086636,0.026659334,-1.672397587,0.443432005
3.269,-2.199931136,1.90306421,-1.016165367,-1.17553527,0.712477638
0.033,0.350581333,-1.353134698,0.24685714,1.417975614,-0.396117293
0.07,-0.338721879,-1.437820194,-0.173230543,0.754715075,-0.118840546
1.629,0.127010717,-0.627451637,2.309055012,1.849978113,-0.377622403
0.033,-1.452663071,-0.29520212,-0.975227468,1.137519968,-0.415281192
0.045,0.119391762,0.896668957,-0.859095245,-0.441327091,-0.035600634
0.016,0.363328853,-1.317837722,0.310890887,-1.376130263,0.409415834
1.067,-1.058064353,0.624378647,-1.122434687,-0.427110009,0.116291635
0.554,0.704872973,-1.119737499,0.439360574,0.259400297,0.201993956
0.142,0.45727395,-1.583375606,0.389421251,0.250148282,0.059078836
1.026,-0.80734173,0.725726073,-1.097872038,0.331691162,-0.035970597
0.022,1.022146077,-0.877073758,0.533470218,-0.102662255,0.103223591
0.792,-2.055802152,1.242940205,-1.049778002,0.083404392,-0.197056475
0.02,0.313130496,-1.851329531,0.451343385,0.147839768,0.143118178
0.492,-1.653427782,0.825650906,-1.414666482,-0.95845167,-0.055157289
0.035,0.770972194,-0.203415509,0.256386934,-1.670170064,0.353566397
0.168,-3.70682875,1.710035123,4.034421108,-0.397318812,-1.014417724
0.08,1.006521277,-0.565222465,0.176101798,-1.034706114,0.303644184
0.03,0.258071456,-1.700591016,0.387612361,0.118584761,0.008693194
0.096,0.953632586,-0.962820497,0.519185388,-0.658433485,0.63577671
98.29,-0.464083275,3.968186768,2.003819027,7.352012036,23.34258211
0.44,2.795556302,0.667321089,0.477949749,-0.310990204,0.181248038
0.4,-1.45792654,0.989021637,-1.059275224,0.261309526,-0.37624083
0.041,0.253144226,-0.985578043,0.39584874,-1.89267094,0.492682699
6.929,-1.201288504,0.869523774,-1.024608499,-0.02642231,1.504040216
0.094,-0.240219015,-0.696938952,-0.191876411,-0.15763934,-0.085502291
0.52,-1.697337888,2.113118348,-1.306840237,0.157097603,-0.689130938
0.037,0.42726819,-1.491641524,0.398187358,0.142995426,0.041449824
0.122,-0.752287911,-1.937456708,-0.18933529,0.964112223,-0.075193425
0.194,-0.666280555,1.574146731,-1.454210357,-0.640485542,-0.176345804
0.008,0.430106028,-1.660650605,0.591413522,0.392995982,0.073084483
0.553,0.954208484,-0.893846809,0.421597249,0.3957745,0.168925953
0.173,0.419293534,-0.036429675,-0.24332782,-0.367119312,0.001928238
0.226,-0.950134389,1.246875031,-1.737963691,-1.02131398,-0.082134849
0.096,-1.497378135,-0.55980271,-1.188176527,1.276930023,-0.484747004
0.046,0.583476814,-1.340919237,0.341662294,0.307739773,-0.078692738
0.871,-0.396362728,2.885668504,-0.151384309,1.011896709,-0.522065577
0.071,0.317556621,-1.709624425,0.510497133,0.473852354,-0.076935457
0.372,-2.094053398,2.014720449,-1.193855297,-1.160030496,-0.326046042
0.946,-0.160039323,-0.885559891,-0.152214765,0.244538105,0.147969051
0.101,0.439896393,-1.589143235,0.41300863,0.180037346,0.055798679
0.236,-3.273366741,2.215852749,3.992188367,-0.444309302,-0.907257342
0.059,0.560415514,-1.213221009,0.200875916,1.438850603,-0.338064162
0.189,0.130806035,-1.335195019,0.040359921,-1.88595313,0.6211342
0.011,0.392363991,-1.421171365,0.289521618,0.304188069,-0.196495295
0.241,-1.399456209,-0.367063167,-1.249259618,1.398771614,-0.580074181
0.184,-0.907314378,1.135603873,-0.933712524,-0.194295558,-0.335789587
0.038,0.220896777,-1.058638711,0.022201971,-1.828748224,0.528844873
0.07,-0.21027237,-0.863075276,-0.176520641,-0.756217199,0.173419066
0.362,0.599975534,-1.382772173,0.422642861,0.269971829,0.137041767
0.172,-0.95806279,0.185587603,-1.278883132,1.596904314,-0.610368957
0.056,-1.419527928,-0.43320453,-1.220441331,1.340943004,-0.555983436
0.604,0.890674489,-0.970918484,0.402758599,0.385279362,0.175210502
1.433,-0.091356977,0.508146611,-1.038955636,1.695269388,-0.172480239
0.043,0.524053532,-1.797471607,0.382264963,0.993859266,0.106507282
0.033,-0.278679992,-1.06078264,-0.24333577,0.570790435,-0.324291102
0.1,2.327886543,0.968063293,0.270230926,-0.192374522,-0.076304592
0.106,0.495872537,-1.577708798,0.423592377,0.204315624,0.131794684
0.154,-0.183424571,-1.232836862,-0.262458907,1.17817228,-0.296273863
0.023,0.82140264,0.269629102,0.405848302,2.252366651,-1.19917927
0.151,-1.208395752,1.208397925,-1.226898552,-0.404332256,-0.264183172
0.483,-3.767998736,1.52316095,4.080240677,-0.561332609,-0.838438865
0.053,0.030202737,-0.587315227,-0.214670848,-0.637858153,0.074513127
0.147,-0.287416077,-1.378906914,-0.220773401,0.996795455,-0.211784993
0.577,-3.638531697,1.822902972,4.074303605,-0.493621131,-0.803170234
0.262,-2.551884484,0.772996033,-1.063726085,-0.857478069,-0.061551601
0.065,-0.420959236,-1.062066732,-0.151712255,-0.561621609,0.111394902
0.022,1.077386504,-0.31783963,0.228093331,0.834108422,-0.569927051
0.102,2.764639532,1.000233206,0.409628444,-0.000368704,-0.16485026
0.335,-1.229024466,1.152494072,-1.100288217,-0.272427661,-0.107197557
0.048,-0.2508337,-0.971272391,-0.107955432,-0.567243729,0.215442196
0.504,-2.179823693,-0.139602127,-0.925598444,0.491924964,-0.161881205
0.14,-0.816804249,0.32697154,-0.774167745,0.01677702,-0.222210877
0.161,-0.349583046,-1.457477937,-0.246643006,1.118577888,-0.255671848
0.56,2.24570749,1.250584949,0.255520699,0.113634293,-0.085773513
0.027,0.842506373,-0.503380687,0.061780953,-1.49317396,0.402913048
0.151,0.824696292,2.104908932,-2.579081022,-1.245428053,-0.126705447
0.6,-2.256521379,1.411248446,-1.144356958,-0.737519593,-0.175516748
0.319,1.583501234,2.470882507,-0.451913207,0.262447854,-0.447051219
0.012,0.099661398,-2.135922255,0.465216837,-0.05191118,0.208014069
0.02,0.329379498,-1.488482321,0.370376405,-0.903722291,0.287921287
0.113,-1.089856161,-0.011223853,-1.248759024,1.504367071,-0.569602146
0.193,-1.839093484,0.828289147,-1.2145826,-0.894691552,-0.110269776
0.623,2.422603661,0.584742805,0.621412284,0.043417962,0.085962378
0.036,-0.206768821,-0.973372554,-0.138027943,-0.810301921,0.247466342
0.101,-0.451415033,-1.284751156,-0.077105011,-0.843273801,0.340402481
8.817,0.220502311,-0.010286984,2.44363072,2.451554254,1.347219313
0.008,1.020570879,-0.072279493,-0.167567344,-1.465468775,0.397975539
0.577,-0.104025458,2.280623531,2.847013518,-0.831452778,-0.163722026
0.075,0.49706141,-1.470205333,0.405438914,0.196167598,-0.010461289
0.221,2.219675588,-0.17327505,0.741545124,-0.471709357,0.27666811
0.057,0.818131928,-0.264759293,-0.140891867,-0.725045961,0.292288808
0.025,0.737386711,-1.048788239,0.355773124,0.347593647,-0.204131931
0.15,-0.624109327,1.180154673,-0.676124329,-0.15634521,-0.35675108
0.052,0.490693262,-1.482192917,0.388908117,0.194507596,-0.012857016
0.032,0.534717189,-1.235302978,0.355792743,-0.632913726,0.209415146
0.218,0.66399283,-1.229866827,0.348952639,0.33220465,-0.022514001
0.093,0.021927688,-0.627442505,-0.171502478,0.179114544,-0.15882291
0.616,-2.38541954,1.338336721,-1.137060516,-0.726475183,-0.090533017
0.083,-1.721880999,0.501932885,-1.238257241,1.242212715,-0.705175757
0.091,0.25926685,-0.020719201,-0.45433646,-0.832918454,0.011499893
0.106,-0.394440705,-1.250245685,-0.156148949,0.023473395,0.000789902
0.161,3.20506655,1.004027383,1.187990786,0.186577946,-0.185030873
0.676,-0.178237546,1.356664478,-1.270820232,-0.370556252,-0.055982208
0.111,0.491296642,-1.380996936,0.353981533,0.26562446,-0.013356315
0.063,0.406086353,-1.647657942,0.396949316,0.235999132,0.027864228
0.109,-0.014816572,-0.644034472,-0.174360421,0.169170166,-0.162277935
0.063,0.257569977,-1.747468162,0.394581805,0.086767648,0.09406748
0.107,-1.031220196,0.166090392,-1.294412338,1.56493663,-0.698396864
0.01,0.530379073,-0.731479363,0.164561392,-1.660701894,0.395199323
0.869,2.759521197,4.281445163,0.024189902,0.575317853,-0.495204877
0.131,0.726663884,-1.164204654,0.537336415,0.512714504,-0.052476736
0.618,-1.677692353,1.043165253,-1.202792422,-0.800584126,0.011713732
0.16,0.343158817,-0.109059149,-0.220649196,-0.178434774,-0.045086924
0.054,0.514557526,-1.486537333,0.459831405,-0.238104762,0.218014469
1.101,0.850761539,0.044420965,0.133554017,-0.030251298,0.375633867
0.23,-0.24634339,-0.75999058,-0.161299072,-0.7545988,0.204905111
0.999,2.643944888,1.425638222,0.303605422,-0.018196997,0.178139837
0.017,0.697604375,-1.016852537,-0.274437501,-1.752639984,0.594075651
1.261,0.714124573,0.401326071,-0.237835521,-0.288937094,0.327934078
0.417,-2.503735322,1.007729283,-1.112175295,-0.648824658,-0.234154675
0.082,0.777724917,-0.347684881,0.171210317,-1.124778916,0.094967895
0.106,0.005533957,-0.684409514,-0.158653965,-0.723995424,0.233451936
0.226,-1.362343802,1.089411793,-1.485507658,-0.948903941,-0.084669445
0.122,0.02542832,-0.267839173,-0.271960511,-0.541223951,0.004495575
0.186,-0.030643341,-0.034630062,-0.180041747,-1.635273248,0.524199973
0.053,-0.556915375,0.805897331,-1.359161006,-0.959912069,0.109940193
0.133,0.239986188,-0.714165422,0.048114567,-1.723670401,0.46886916
0.11,0.895228244,-0.880692738,0.341356966,0.691705029,-0.224803832
0.46,2.411460992,0.496599817,0.675954445,-0.015458633,0.190734274
1.816,-3.754299305,1.704313807,4.116099947,-0.439740046,-0.46316123
0.074,0.525105985,-0.613774156,-0.044648874,-1.623712304,0.366364723
0.186,-0.153968451,-0.754283679,-0.163100181,-0.499852659,0.129106302
0.501,-1.490583544,1.157312603,-1.291856164,-0.819896004,-0.005534995
0.042,-0.513418234,-1.778191175,-0.199386615,1.030139661,-0.176670832
0.038,0.559975385,-1.358047731,0.348046798,0.244342031,-0.072021749
0.027,0.462816439,-1.34583833,0.341291464,0.260590523,-0.042780398
0.08,-3.786178092,1.664618961,4.014543362,-0.630184631,-0.998651802
